"NameOfStation";"Line";"Year";"Quarter";"IncomingPassengers";"OutgoingPassengers";"global_id";
"Станция метрополитена";"Линия";"Год";"Квартал";"Входы пассажиров";"Выходы пассажиров";"global_id";
"Пятницкое шоссе";"Арбатско-Покровская линия";"2024";"I квартал";"1541691";"1456681";"2664615729";
"Митино";"Арбатско-Покровская линия";"2024";"I квартал";"2198710";"2106936";"2664615730";
"Волоколамская";"Арбатско-Покровская линия";"2024";"I квартал";"1623080";"1569833";"2664615731";
"Мякинино";"Арбатско-Покровская линия";"2024";"I квартал";"1597220";"1525746";"2664615732";
"Строгино";"Арбатско-Покровская линия";"2024";"I квартал";"2443933";"2381902";"2664615733";
"Крылатское";"Арбатско-Покровская линия";"2024";"I квартал";"2337086";"2300269";"2664615734";
"Молодёжная";"Арбатско-Покровская линия";"2024";"I квартал";"3863844";"3811017";"2664615735";
"Славянский бульвар";"Арбатско-Покровская линия";"2024";"I квартал";"4659567";"4509392";"2664615737";
"Киевская";"Арбатско-Покровская линия";"2024";"I квартал";"3063034";"2836510";"2664615738";
"Площадь Революции";"Арбатско-Покровская линия";"2024";"I квартал";"2837628";"2803263";"2664615739";
"Бауманская";"Арбатско-Покровская линия";"2024";"I квартал";"4595852";"4800912";"2664615740";
"Электрозаводская";"Арбатско-Покровская линия";"2024";"I квартал";"2645020";"2839726";"2664615741";
"Семёновская";"Арбатско-Покровская линия";"2024";"I квартал";"2560223";"2633454";"2664615742";
"Партизанская";"Арбатско-Покровская линия";"2024";"I квартал";"1645724";"1549057";"2664615743";
"Измайловская";"Арбатско-Покровская линия";"2024";"I квартал";"1565800";"1580924";"2664615744";
"Первомайская";"Арбатско-Покровская линия";"2024";"I квартал";"2899792";"2869239";"2664615745";
"Щёлковская";"Арбатско-Покровская линия";"2024";"I квартал";"6101781";"5758029";"2664615746";
"ЦСКА";"Большая кольцевая линия";"2024";"I квартал";"3123959";"3192267";"2664615747";
"Хорошёвская";"Большая кольцевая линия";"2024";"I квартал";"1176079";"1202103";"2664615749";
"Народное Ополчение";"Большая кольцевая линия";"2024";"I квартал";"1950577";"1939137";"2664615750";
"Мнёвники";"Большая кольцевая линия";"2024";"I квартал";"54239";"47364";"2664615751";
"Авиамоторная";"Большая кольцевая линия";"2024";"I квартал";"1042435";"1153131";"2664615752";
"Терехово";"Большая кольцевая линия";"2024";"I квартал";"508085";"536130";"2664615753";
"Кунцевская";"Большая кольцевая линия";"2024";"I квартал";"1737980";"1720030";"2664615754";
"Давыдково";"Большая кольцевая линия";"2024";"I квартал";"1126003";"1136067";"2664615755";
"Аминьевская";"Большая кольцевая линия";"2024";"I квартал";"2013496";"1981960";"2664615756";
"Проспект Вернадского";"Большая кольцевая линия";"2024";"I квартал";"717054";"744134";"2664615757";
"Новаторская";"Большая кольцевая линия";"2024";"I квартал";"1374086";"1387208";"2664615758";
"Воронцовская";"Большая кольцевая линия";"2024";"I квартал";"1280971";"1340191";"2664615760";
"Зюзино";"Большая кольцевая линия";"2024";"I квартал";"1945786";"1959775";"2664615761";
"Каховская";"Большая кольцевая линия";"2024";"I квартал";"1458320";"1501235";"2664615762";
"Кленовый бульвар";"Большая кольцевая линия";"2024";"I квартал";"653629";"675843";"2664615763";
"Нагатинский Затон";"Большая кольцевая линия";"2024";"I квартал";"438420";"444794";"2664615764";
"Сокольники";"Большая кольцевая линия";"2024";"I квартал";"1617536";"1689047";"2664615765";
"Рижская";"Большая кольцевая линия";"2024";"I квартал";"637279";"662974";"2664615766";
"Марьина Роща";"Большая кольцевая линия";"2024";"I квартал";"673454";"687964";"2664615767";
"Битцевский парк";"Бутовская линия Лёгкого метро";"2024";"I квартал";"205419";"144437";"2664615768";
"Лесопарковая";"Бутовская линия Лёгкого метро";"2024";"I квартал";"715723";"680483";"2664615769";
"Улица Старокачаловская";"Бутовская линия Лёгкого метро";"2024";"I квартал";"0";"0";"2664615770";
"Улица Скобелевская";"Бутовская линия Лёгкого метро";"2024";"I квартал";"1676787";"1609167";"2664615771";
"Бульвар адмирала Ушакова";"Бутовская линия Лёгкого метро";"2024";"I квартал";"1057986";"1045710";"2664615772";
"Улица Горчакова";"Бутовская линия Лёгкого метро";"2024";"I квартал";"822780";"804855";"2664615774";
"Бунинская аллея";"Бутовская линия Лёгкого метро";"2024";"I квартал";"1892500";"1845893";"2664615775";
"Ховрино";"Замоскворецкая линия";"2024";"I квартал";"3976426";"3597658";"2664615776";
"Беломорская";"Замоскворецкая линия";"2024";"I квартал";"2402670";"2295644";"2664615777";
"Речной вокзал";"Замоскворецкая линия";"2024";"I квартал";"2195032";"2146725";"2664615778";
"Водный стадион";"Замоскворецкая линия";"2024";"I квартал";"3477502";"3478774";"2664615779";
"Войковская";"Замоскворецкая линия";"2024";"I квартал";"3990352";"4011777";"2664615780";
"Сокол";"Замоскворецкая линия";"2024";"I квартал";"3058392";"3090182";"2664615781";
"Аэропорт";"Замоскворецкая линия";"2024";"I квартал";"3015517";"3078377";"2664615782";
"Динамо";"Замоскворецкая линия";"2024";"I квартал";"2374580";"2411151";"2664615784";
"Белорусская";"Замоскворецкая линия";"2024";"I квартал";"2320708";"2294367";"2664615785";
"Маяковская";"Замоскворецкая линия";"2024";"I квартал";"3067754";"3181691";"2664615786";
"Тверская";"Замоскворецкая линия";"2024";"I квартал";"0";"0";"2664615787";
"Театральная";"Замоскворецкая линия";"2024";"I квартал";"0";"0";"2664615788";
"Новокузнецкая";"Замоскворецкая линия";"2024";"I квартал";"2753174";"2896858";"2664615789";
"Павелецкая";"Замоскворецкая линия";"2024";"I квартал";"2654276";"2203996";"2664615790";
"Автозаводская";"Замоскворецкая линия";"2024";"I квартал";"3153491";"3296201";"2664615791";
"Технопарк";"Замоскворецкая линия";"2024";"I квартал";"1729698";"1749248";"2664615792";
"Коломенская";"Замоскворецкая линия";"2024";"I квартал";"3312128";"3326895";"2664615793";
"Каширская";"Замоскворецкая линия";"2024";"I квартал";"0";"0";"2664615794";
"Кантемировская";"Замоскворецкая линия";"2024";"I квартал";"2656221";"2629006";"2664615796";
"Царицыно";"Замоскворецкая линия";"2024";"I квартал";"4955587";"4725575";"2664615797";
"Орехово";"Замоскворецкая линия";"2024";"I квартал";"1482364";"1424932";"2664615798";
"Домодедовская";"Замоскворецкая линия";"2024";"I квартал";"4956609";"4629849";"2664615799";
"Красногвардейская";"Замоскворецкая линия";"2024";"I квартал";"1554786";"1517368";"2664615800";
"Алма-Атинская";"Замоскворецкая линия";"2024";"I квартал";"1139373";"1106952";"2664615801";
"Новокосино";"Калининская линия";"2024";"I квартал";"4629947";"4499291";"2664615802";
"Новогиреево";"Калининская линия";"2024";"I квартал";"5479880";"5287289";"2664615803";
"Перово";"Калининская линия";"2024";"I квартал";"3270510";"3233650";"2664615804";
"Шоссе Энтузиастов";"Калининская линия";"2024";"I квартал";"1811105";"1918463";"2664615805";
"Площадь Ильича";"Калининская линия";"2024";"I квартал";"1638896";"1650377";"2664615806";
"Марксистская";"Калининская линия";"2024";"I квартал";"1887329";"1970200";"2664615808";
"Медведково";"Калужско-Рижская линия";"2024";"I квартал";"4531813";"4372520";"2664615809";
"Бабушкинская";"Калужско-Рижская линия";"2024";"I квартал";"4055724";"4003369";"2664615810";
"Свиблово";"Калужско-Рижская линия";"2024";"I квартал";"2057391";"2056962";"2664615811";
"Ботанический сад";"Калужско-Рижская линия";"2024";"I квартал";"1759315";"1923438";"2664615812";
"ВДНХ";"Калужско-Рижская линия";"2024";"I квартал";"7426200";"6955047";"2664615813";
"Алексеевская";"Калужско-Рижская линия";"2024";"I квартал";"2753696";"2811478";"2664615814";
"Сухаревская";"Калужско-Рижская линия";"2024";"I квартал";"1766740";"1856136";"2664615815";
"Тургеневская";"Калужско-Рижская линия";"2024";"I квартал";"1760264";"1859558";"2664615816";
"Китай-город";"Калужско-Рижская линия";"2024";"I квартал";"4962901";"5136461";"2664615817";
"Октябрьская";"Калужско-Рижская линия";"2024";"I квартал";"1121731";"1174055";"2664615818";
"Шаболовская";"Калужско-Рижская линия";"2024";"I квартал";"2106370";"2220843";"2664615819";
"Ленинский проспект";"Калужско-Рижская линия";"2024";"I квартал";"2936913";"3336461";"2664615820";
"Академическая";"Калужско-Рижская линия";"2024";"I квартал";"2798952";"2832550";"2664615822";
"Профсоюзная";"Калужско-Рижская линия";"2024";"I квартал";"2587758";"2656541";"2664615823";
"Новые Черёмушки";"Калужско-Рижская линия";"2024";"I квартал";"2909339";"2965512";"2664615824";
"Калужская";"Калужско-Рижская линия";"2024";"I квартал";"2220452";"2320997";"2664615825";
"Беляево";"Калужско-Рижская линия";"2024";"I квартал";"3115424";"3159528";"2664615826";
"Коньково";"Калужско-Рижская линия";"2024";"I квартал";"2435666";"2430909";"2664615827";
"Тёплый стан";"Калужско-Рижская линия";"2024";"I квартал";"4987181";"4872391";"2664615828";
"Ясенево";"Калужско-Рижская линия";"2024";"I квартал";"2647245";"2611831";"2664615829";
"Новоясеневская";"Калужско-Рижская линия";"2024";"I квартал";"570623";"551256";"2664615830";
"Краснопресненская";"Кольцевая линия";"2024";"I квартал";"1786835";"1850482";"2664615831";
"Новослободская";"Кольцевая линия";"2024";"I квартал";"2512256";"2670723";"2664615832";
"Проспект Мира";"Кольцевая линия";"2024";"I квартал";"1971123";"2037486";"2664615833";
"Курская";"Кольцевая линия";"2024";"I квартал";"4241573";"3918773";"2664615835";
"Добрынинская";"Кольцевая линия";"2024";"I квартал";"1873667";"1955771";"2664615836";
"Селигерская";"Люблинско-Дмитровская линия";"2024";"I квартал";"2585251";"2524814";"2664615837";
"Верхние Лихоборы";"Люблинско-Дмитровская линия";"2024";"I квартал";"1202474";"1187682";"2664615838";
"Окружная";"Люблинско-Дмитровская линия";"2024";"I квартал";"922551";"971161";"2664615839";
"Петровско-Разумовская";"Люблинско-Дмитровская линия";"2024";"I квартал";"1880007";"1802044";"2664615840";
"Фонвизинская";"Люблинско-Дмитровская линия";"2024";"I квартал";"1195583";"1189246";"2664615841";
"Бутырская";"Люблинско-Дмитровская линия";"2024";"I квартал";"1323232";"1356691";"2664615842";
"Достоевская";"Люблинско-Дмитровская линия";"2024";"I квартал";"1123755";"1165508";"2664615843";
"Трубная";"Люблинско-Дмитровская линия";"2024";"I квартал";"1544386";"1627954";"2664615844";
"Сретенский бульвар";"Люблинско-Дмитровская линия";"2024";"I квартал";"698855";"746916";"2664615845";
"Чкаловская";"Люблинско-Дмитровская линия";"2024";"I квартал";"1794309";"1843229";"2664615846";
"Римская";"Люблинско-Дмитровская линия";"2024";"I квартал";"1466489";"1493526";"2664615848";
"Крестьянская застава";"Люблинско-Дмитровская линия";"2024";"I квартал";"683482";"714651";"2664615849";
"Дубровка";"Люблинско-Дмитровская линия";"2024";"I квартал";"1463709";"1524437";"2664615850";
"Кожуховская";"Люблинско-Дмитровская линия";"2024";"I квартал";"1790839";"1850284";"2664615852";
"Печатники";"Люблинско-Дмитровская линия";"2024";"I квартал";"1841123";"1839896";"2664615853";
"Волжская";"Люблинско-Дмитровская линия";"2024";"I квартал";"1340570";"1352181";"2664615854";
"Люблино";"Люблинско-Дмитровская линия";"2024";"I квартал";"3371544";"3266709";"2664615855";
"Братиславская";"Люблинско-Дмитровская линия";"2024";"I квартал";"3201855";"3170033";"2664615856";
"Марьино";"Люблинско-Дмитровская линия";"2024";"I квартал";"2715011";"2670896";"2664615857";
"Борисово";"Люблинско-Дмитровская линия";"2024";"I квартал";"973392";"957899";"2664615858";
"Шипиловская";"Люблинско-Дмитровская линия";"2024";"I квартал";"1204817";"1199792";"2664615859";
"Зябликово";"Люблинско-Дмитровская линия";"2024";"I квартал";"948667";"928130";"2664615860";
"Улица Сергея Эйзенштейна";"Московская монорельсовая транспортная система";"2024";"I квартал";"22071";"19348";"2664615862";
"Выставочный центр";"Московская монорельсовая транспортная система";"2024";"I квартал";"107246";"91817";"2664615863";
"Улица Академика Королёва";"Московская монорельсовая транспортная система";"2024";"I квартал";"15333";"13691";"2664615864";
"Телецентр";"Московская монорельсовая транспортная система";"2024";"I квартал";"31323";"27220";"2664615865";
"Улица Милашенкова";"Московская монорельсовая транспортная система";"2024";"I квартал";"19085";"16946";"2664615866";
"Лихоборы";"Московское центральное кольцо";"2024";"I квартал";"1201510";"1224242";"2664615867";
"Ростокино";"Московское центральное кольцо";"2024";"I квартал";"2683768";"2701222";"2664615868";
"Белокаменная";"Московское центральное кольцо";"2024";"I квартал";"133554";"140812";"2664615869";
"Локомотив";"Московское центральное кольцо";"2024";"I квартал";"923499";"938130";"2664615870";
"Измайлово";"Московское центральное кольцо";"2024";"I квартал";"817728";"869143";"2664615871";
"Соколиная Гора";"Московское центральное кольцо";"2024";"I квартал";"536462";"567733";"2664615872";
"Андроновка";"Московское центральное кольцо";"2024";"I квартал";"657711";"663475";"2664615873";
"Новохохловская";"Московское центральное кольцо";"2024";"I квартал";"521945";"535774";"2664615875";
"Угрешская";"Московское центральное кольцо";"2024";"I квартал";"435756";"461197";"2664615876";
"ЗИЛ";"Московское центральное кольцо";"2024";"I квартал";"924011";"971959";"2664615877";
"Верхние Котлы";"Московское центральное кольцо";"2024";"I квартал";"1276529";"1324292";"2664615878";
"Крымская";"Московское центральное кольцо";"2024";"I квартал";"856864";"897485";"2664615879";
"Площадь Гагарина";"Московское центральное кольцо";"2024";"I квартал";"1062004";"1274522";"2664615880";
"Лужники";"Московское центральное кольцо";"2024";"I квартал";"765334";"889204";"2664615881";
"Шелепиха";"Московское центральное кольцо";"2024";"I квартал";"660425";"713332";"2664615882";
"Хорошёво";"Московское центральное кольцо";"2024";"I квартал";"530973";"563864";"2664615883";
"Зорге";"Московское центральное кольцо";"2024";"I квартал";"397970";"417180";"2664615884";
"Панфиловская";"Московское центральное кольцо";"2024";"I квартал";"537548";"570393";"2664615885";
"Стрешнево";"Московское центральное кольцо";"2024";"I квартал";"1441242";"1477384";"2664615886";
"Балтийская";"Московское центральное кольцо";"2024";"I квартал";"951151";"1028518";"2664615887";
"Коптево";"Московское центральное кольцо";"2024";"I квартал";"1323710";"1382838";"2664615888";
"Нижегородская";"Некрасовская линия";"2024";"I квартал";"3060849";"3363376";"2664615889";
"Стахановская";"Некрасовская линия";"2024";"I квартал";"727677";"750037";"2664615890";
"Окская";"Некрасовская линия";"2024";"I квартал";"859158";"876770";"2664615891";
"Юго-Восточная";"Некрасовская линия";"2024";"I квартал";"1190721";"1203342";"2664615892";
"Косино";"Некрасовская линия";"2024";"I квартал";"455041";"440349";"2664615893";
"улица Дмитриевского";"Некрасовская линия";"2024";"I квартал";"833678";"834711";"2664615894";
"Лухмановская";"Некрасовская линия";"2024";"I квартал";"1629398";"1603903";"2664615895";
"Некрасовка";"Некрасовская линия";"2024";"I квартал";"4797822";"4707671";"2664615896";
"Алтуфьево";"Серпуховско-Тимирязевская линия";"2024";"I квартал";"3176010";"3108832";"2664615897";
"Бибирево";"Серпуховско-Тимирязевская линия";"2024";"I квартал";"2369683";"2364883";"2664615898";
"Отрадное";"Серпуховско-Тимирязевская линия";"2024";"I квартал";"4084942";"4107925";"2664615899";
"Владыкино";"Серпуховско-Тимирязевская линия";"2024";"I квартал";"1402568";"1587953";"2664615900";
"Тимирязевская";"Серпуховско-Тимирязевская линия";"2024";"I квартал";"1977159";"1961085";"2664615901";
"Дмитровская";"Серпуховско-Тимирязевская линия";"2024";"I квартал";"2940049";"3013422";"2664615902";
"Савёловская";"Серпуховско-Тимирязевская линия";"2024";"I квартал";"2750199";"2707484";"2664615903";
"Менделеевская";"Серпуховско-Тимирязевская линия";"2024";"I квартал";"2167360";"2287975";"2664615904";
"Цветной бульвар";"Серпуховско-Тимирязевская линия";"2024";"I квартал";"1916893";"2004038";"2664615905";
"Чеховская";"Серпуховско-Тимирязевская линия";"2024";"I квартал";"1861223";"1972203";"2664615906";
"Боровицкая";"Серпуховско-Тимирязевская линия";"2024";"I квартал";"547350";"576538";"2664615907";
"Полянка";"Серпуховско-Тимирязевская линия";"2024";"I квартал";"1393839";"1465152";"2664615908";
"Серпуховская";"Серпуховско-Тимирязевская линия";"2024";"I квартал";"2011578";"2113294";"2664615909";
"Тульская";"Серпуховско-Тимирязевская линия";"2024";"I квартал";"2913628";"3006123";"2664615910";
"Нагатинская";"Серпуховско-Тимирязевская линия";"2024";"I квартал";"3233204";"3292102";"2664615911";
"Нагорная";"Серпуховско-Тимирязевская линия";"2024";"I квартал";"1519422";"1549707";"2664615912";
"Нахимовский проспект";"Серпуховско-Тимирязевская линия";"2024";"I квартал";"1761452";"1782200";"2664615913";
"Севастопольская";"Серпуховско-Тимирязевская линия";"2024";"I квартал";"716534";"739762";"2664615914";
"Чертановская";"Серпуховско-Тимирязевская линия";"2024";"I квартал";"2787158";"2778125";"2664615915";
"Южная";"Серпуховско-Тимирязевская линия";"2024";"I квартал";"2013549";"1993768";"2664615916";
"Пражская";"Серпуховско-Тимирязевская линия";"2024";"I квартал";"4101441";"4096084";"2664615917";
"Улица академика Янгеля";"Серпуховско-Тимирязевская линия";"2024";"I квартал";"2338294";"2283981";"2664615918";
"Аннино";"Серпуховско-Тимирязевская линия";"2024";"I квартал";"2075303";"1918645";"2664615919";
"Бульвар Дмитрия Донского";"Серпуховско-Тимирязевская линия";"2024";"I квартал";"4893923";"4698248";"2664615920";
"Бульвар Рокоссовского";"Сокольническая линия";"2024";"I квартал";"2146018";"2133399";"2664615921";
"Черкизовская";"Сокольническая линия";"2024";"I квартал";"1598637";"1392281";"2664615922";
"Преображенская площадь";"Сокольническая линия";"2024";"I квартал";"3591327";"3623037";"2664615923";
"Красносельская";"Сокольническая линия";"2024";"I квартал";"1828804";"1880832";"2664615924";
"Комсомольская";"Сокольническая линия";"2024";"I квартал";"2345864";"1876587";"2664615925";
"Красные ворота";"Сокольническая линия";"2024";"I квартал";"2094113";"2158270";"2664615926";
"Чистые пруды";"Сокольническая линия";"2024";"I квартал";"1698408";"1772912";"2664615927";
"Лубянка";"Сокольническая линия";"2024";"I квартал";"2426582";"2472143";"2664615928";
"Охотный ряд";"Сокольническая линия";"2024";"I квартал";"4751799";"4630734";"2664615929";
"Библиотека имени Ленина";"Сокольническая линия";"2024";"I квартал";"0";"0";"2664615930";
"Кропоткинская";"Сокольническая линия";"2024";"I квартал";"2172822";"2251659";"2664615931";
"Парк культуры";"Сокольническая линия";"2024";"I квартал";"590248";"624858";"2664615932";
"Фрунзенская";"Сокольническая линия";"2024";"I квартал";"2429937";"2554934";"2664615933";
"Спортивная";"Сокольническая линия";"2024";"I квартал";"1817550";"1984751";"2664615934";
"Воробьёвы горы";"Сокольническая линия";"2024";"I квартал";"764959";"746947";"2664615935";
"Университет";"Сокольническая линия";"2024";"I квартал";"2781539";"2816146";"2664615936";
"Юго-Западная";"Сокольническая линия";"2024";"I квартал";"4508536";"4576380";"2664615937";
"Тропарёво";"Сокольническая линия";"2024";"I квартал";"1616796";"1594711";"2664615938";
"Румянцево";"Сокольническая линия";"2024";"I квартал";"1002355";"1004996";"2664615939";
"Саларьево";"Сокольническая линия";"2024";"I квартал";"3385623";"3137994";"2664615940";
"Филатов луг";"Сокольническая линия";"2024";"I квартал";"1726440";"1681708";"2664615941";
"Прокшино";"Сокольническая линия";"2024";"I квартал";"706618";"692327";"2664615942";
"Ольховая";"Сокольническая линия";"2024";"I квартал";"923389";"873699";"2664615943";
"Новомосковская";"Сокольническая линия";"2024";"I квартал";"1481378";"1455057";"2664615944";
"Деловой центр";"Солнцевская линия";"2024";"I квартал";"1463448";"1473820";"2664615945";
"Парк Победы";"Солнцевская линия";"2024";"I квартал";"325252";"332349";"2664615946";
"Минская";"Солнцевская линия";"2024";"I квартал";"741384";"751768";"2664615947";
"Ломоносовский проспект";"Солнцевская линия";"2024";"I квартал";"1200694";"1203235";"2664615948";
"Раменки";"Солнцевская линия";"2024";"I квартал";"1638620";"1619845";"2664615949";
"Мичуринский проспект";"Солнцевская линия";"2024";"I квартал";"218040";"223383";"2664615950";
"Озёрная";"Солнцевская линия";"2024";"I квартал";"1530839";"1505303";"2664615951";
"Говорово";"Солнцевская линия";"2024";"I квартал";"1005637";"972061";"2664615952";
"Солнцево";"Солнцевская линия";"2024";"I квартал";"1743201";"1686465";"2664615953";
"Боровское шоссе";"Солнцевская линия";"2024";"I квартал";"487035";"457815";"2664615954";
"Новопеределкино";"Солнцевская линия";"2024";"I квартал";"1443101";"1373344";"2664615955";
"Рассказовка";"Солнцевская линия";"2024";"I квартал";"1592276";"1525422";"2664615956";
"Планерная";"Таганско-Краснопресненская линия";"2024";"I квартал";"3387465";"3274725";"2664615957";
"Сходненская";"Таганско-Краснопресненская линия";"2024";"I квартал";"4183310";"4095031";"2664615958";
"Тушинская";"Таганско-Краснопресненская линия";"2024";"I квартал";"3685496";"3532231";"2664615959";
"Спартак";"Таганско-Краснопресненская линия";"2024";"I квартал";"623344";"611914";"2664615961";
"Щукинская";"Таганско-Краснопресненская линия";"2024";"I квартал";"3580409";"3560155";"2664615962";
"Октябрьское поле";"Таганско-Краснопресненская линия";"2024";"I квартал";"3344412";"3394600";"2664615963";
"Полежаевская";"Таганско-Краснопресненская линия";"2024";"I квартал";"2338962";"2382639";"2664615964";
"Беговая";"Таганско-Краснопресненская линия";"2024";"I квартал";"2814753";"2844068";"2664615965";
"Улица 1905 года";"Таганско-Краснопресненская линия";"2024";"I квартал";"3573733";"3707687";"2664615967";
"Баррикадная";"Таганско-Краснопресненская линия";"2024";"I квартал";"1903750";"1978093";"2664615969";
"Пушкинская";"Таганско-Краснопресненская линия";"2024";"I квартал";"3764842";"3930566";"2664615970";
"Кузнецкий мост";"Таганско-Краснопресненская линия";"2024";"I квартал";"1930642";"2042749";"2664615971";
"Таганская";"Таганско-Краснопресненская линия";"2024";"I квартал";"1168228";"1208956";"2664615972";
"Пролетарская";"Таганско-Краснопресненская линия";"2024";"I квартал";"2618635";"2653453";"2664615973";
"Волгоградский проспект";"Таганско-Краснопресненская линия";"2024";"I квартал";"1793115";"1819424";"2664615974";
"Текстильщики";"Таганско-Краснопресненская линия";"2024";"I квартал";"4249159";"4523448";"2664615975";
"Кузьминки";"Таганско-Краснопресненская линия";"2024";"I квартал";"4606070";"4590942";"2664615976";
"Рязанский проспект";"Таганско-Краснопресненская линия";"2024";"I квартал";"2464359";"2478712";"2664615977";
"Выхино";"Таганско-Краснопресненская линия";"2024";"I квартал";"5298999";"5106561";"2664615978";
"Лермонтовский проспект";"Таганско-Краснопресненская линия";"2024";"I квартал";"1586560";"1525961";"2664615979";
"Жулебино";"Таганско-Краснопресненская линия";"2024";"I квартал";"2181044";"2134725";"2664615981";
"Котельники";"Таганско-Краснопресненская линия";"2024";"I квартал";"4854271";"4410984";"2664615982";
"Пионерская";"Филёвская линия";"2024";"I квартал";"513455";"495199";"2664615983";
"Филёвский парк";"Филёвская линия";"2024";"I квартал";"787585";"764835";"2664615984";
"Багратионовская";"Филёвская линия";"2024";"I квартал";"1344300";"1347664";"2664615985";
"Фили";"Филёвская линия";"2024";"I квартал";"1567434";"1562102";"2664615986";
"Кутузовская";"Филёвская линия";"2024";"I квартал";"572498";"612254";"2664615987";
"Студенческая";"Филёвская линия";"2024";"I квартал";"535463";"537790";"2664615988";
"Смоленская";"Филёвская линия";"2024";"I квартал";"760127";"775043";"2664615989";
"Арбатская";"Филёвская линия";"2024";"I квартал";"525631";"505662";"2664615990";
"Александровский сад";"Филёвская линия";"2024";"I квартал";"1535014";"1550264";"2664615991";
"Петровский парк";"Большая кольцевая линия";"2024";"I квартал";"1598431";"1657464";"2664616002";
"Лефортово";"Большая кольцевая линия";"2024";"I квартал";"1071590";"1098992";"2664616006";
"Варшавская";"Большая кольцевая линия";"2024";"I квартал";"2521277";"2467296";"2664616009";
"Пыхтино";"Солнцевская линия";"2024";"I квартал";"812637";"761387";"2664616046";
"Аэропорт Внуково";"Солнцевская линия";"2024";"I квартал";"816380";"539087";"2664616047";
"Яхромская";"Люблинско-Дмитровская линия";"2024";"I квартал";"1477505";"1444509";"2664616048";
"Лианозово";"Люблинско-Дмитровская линия";"2024";"I квартал";"1270059";"1218402";"2664616049";
"Физтех";"Люблинско-Дмитровская линия";"2024";"I квартал";"938667";"894675";"2664616050";
"Москва-Сити";"Филёвская линия";"2024";"I квартал";"540595";"553361";"2664616274";
"Деловой центр";"Филёвская линия";"2024";"I квартал";"1444951";"1430856";"2664619584";
"Кунцевская";"Арбатско-Покровская линия";"2024";"I квартал";"893545";"898931";"2664619602";
"Парк Победы";"Арбатско-Покровская линия";"2024";"I квартал";"1349625";"1332130";"2664619608";
"Смоленская";"Арбатско-Покровская линия";"2024";"I квартал";"2492439";"2586645";"2664619617";
"Арбатская";"Арбатско-Покровская линия";"2024";"I квартал";"2420200";"2534382";"2664619808";
"Курская";"Арбатско-Покровская линия";"2024";"I квартал";"1701695";"1766017";"2664619820";
"Савёловская";"Большая кольцевая линия";"2024";"I квартал";"1767681";"1797751";"2664619829";
"Шелепиха";"Большая кольцевая линия";"2024";"I квартал";"1133038";"1145419";"2664619836";
"Деловой центр";"Большая кольцевая линия";"2024";"I квартал";"1752921";"1764300";"2664619842";
"Электрозаводская";"Большая кольцевая линия";"2024";"I квартал";"1860461";"2126822";"2664619880";
"Мичуринский проспект";"Большая кольцевая линия";"2024";"I квартал";"1049220";"1065288";"2664619886";
"Каширская";"Большая кольцевая линия";"2024";"I квартал";"2521649";"2553683";"2664619890";
"Печатники";"Большая кольцевая линия";"2024";"I квартал";"219842";"223135";"2664619893";
"Текстильщики";"Большая кольцевая линия";"2024";"I квартал";"1378060";"1661430";"2664619898";
"Авиамоторная";"Калининская линия";"2024";"I квартал";"2837596";"2971562";"2664619903";
"Третьяковская";"Калининская линия";"2024";"I квартал";"2559801";"2679467";"2664619908";
"Третьяковская";"Калужско-Рижская линия";"2024";"I квартал";"0";"0";"2664619913";
"Петровско-Разумовская";"Серпуховско-Тимирязевская линия";"2024";"I квартал";"0";"0";"2664619916";
"Китай-город";"Таганско-Краснопресненская линия";"2024";"I квартал";"0";"0";"2664619919";
"Киевская";"Филёвская линия";"2024";"I квартал";"0";"0";"2664619921";
"Рижская";"Калужско-Рижская линия";"2024";"I квартал";"1053287";"1072022";"2664619995";
"Проспект Мира";"Калужско-Рижская линия";"2024";"I квартал";"1836692";"1902245";"2664620024";
"Киевская";"Кольцевая линия";"2024";"I квартал";"2906839";"2891939";"2664620059";
"Белорусская";"Кольцевая линия";"2024";"I квартал";"3936113";"3718178";"2664620070";
"Комсомольская";"Кольцевая линия";"2024";"I квартал";"7832303";"6363988";"2664620074";
"Таганская";"Кольцевая линия";"2024";"I квартал";"2210212";"2293693";"2664620085";
"Павелецкая";"Кольцевая линия";"2024";"I квартал";"4508307";"4642772";"2664620104";
"Октябрьская";"Кольцевая линия";"2024";"I квартал";"2055734";"2155008";"2664648710";
"Парк культуры";"Кольцевая линия";"2024";"I квартал";"2978282";"3110785";"2664648715";
"Марьина роща";"Люблинско-Дмитровская линия";"2024";"I квартал";"2189866";"2251311";"2664648721";
"Тимирязевская";"Московская монорельсовая транспортная система";"2024";"I квартал";"67252";"55516";"2664648728";
"Окружная";"Московское центральное кольцо";"2024";"I квартал";"1165106";"1196482";"2664648733";
"Владыкино";"Московское центральное кольцо";"2024";"I квартал";"574981";"740242";"2664648737";
"Ботанический сад";"Московское центральное кольцо";"2024";"I квартал";"992733";"1199921";"2664648741";
"Бульвар Рокоссовского";"Московское центральное кольцо";"2024";"I квартал";"741365";"769897";"2664648747";
"Шоссе Энтузиастов";"Московское центральное кольцо";"2024";"I квартал";"615685";"687253";"2664648753";
"Нижегородская";"Московское центральное кольцо";"2024";"I квартал";"1295721";"1407959";"2664648758";
"Дубровка";"Московское центральное кольцо";"2024";"I квартал";"631093";"667798";"2664648761";
"Автозаводская";"Московское центральное кольцо";"2024";"I квартал";"421776";"463712";"2664648952";
"Кутузовская";"Московское центральное кольцо";"2024";"I квартал";"1882671";"2014467";"2664648956";
"Москва-Сити";"Московское центральное кольцо";"2024";"I квартал";"1229508";"1330368";"2664648958";
"Сокольники";"Сокольническая линия";"2024";"I квартал";"1306971";"1314968";"2664648992";
"Проспект Вернадского";"Сокольническая линия";"2024";"I квартал";"2007477";"2031838";"2664648998";
"Кунцевская";"Филёвская линия";"2024";"I квартал";"524946";"509451";"2664649019";